{"cameraMode":{"drawMode":0,"name":"Shaded","section":"Shading Mode"},"sceneLighting":false,"audioPlay":false,"sceneViewState":{"showFog":false,"showMaterialUpdate":false,"showSkybox":false,"showFlares":false,"showImageEffects":false,"showParticleSystems":false},"in2DMode":false,"pivot":{"x":535.7056274414063,"y":190.18194580078126,"z":8.515655517578125},"rotation":{"x":-0.07419061660766602,"y":0.16584907472133637,"z":-0.012513642199337483,"w":-0.9832773804664612},"size":291.3706359863281,"orthographic":false}