{"cameraMode":{"drawMode":0,"name":"Shaded","section":"Shading Mode"},"sceneLighting":false,"audioPlay":false,"sceneViewState":{"showFog":false,"showMaterialUpdate":false,"showSkybox":false,"showFlares":false,"showImageEffects":false,"showParticleSystems":false},"in2DMode":false,"pivot":{"x":807.9292602539063,"y":401.275146484375,"z":-0.22277569770812989},"rotation":{"x":-0.018186304718255998,"y":-0.3606145679950714,"z":-0.0070328786969184879,"w":0.9325115084648132},"size":233.34524536132813,"orthographic":false}