{"cameraMode":{"drawMode":0,"name":"Shaded","section":"Shading Mode"},"sceneLighting":false,"audioPlay":false,"sceneViewState":{"showFog":false,"showMaterialUpdate":false,"showSkybox":false,"showFlares":false,"showImageEffects":false,"showParticleSystems":false},"in2DMode":false,"pivot":{"x":1.999635100364685,"y":0.020891904830932618,"z":-0.5727574825286865},"rotation":{"x":-0.038801372051239017,"y":0.9494237899780273,"z":-0.28312334418296816,"w":-0.13011625409126283},"size":5.253330707550049,"orthographic":false}