{"cameraMode":{"drawMode":0,"name":"Shaded","section":"Shading Mode"},"sceneLighting":false,"audioPlay":false,"sceneViewState":{"showFog":false,"showMaterialUpdate":false,"showSkybox":false,"showFlares":false,"showImageEffects":false,"showParticleSystems":false},"in2DMode":false,"pivot":{"x":-1.1849370002746583,"y":2.1585865020751955,"z":-0.5906245708465576},"rotation":{"x":-0.0756988674402237,"y":-0.13716021180152894,"z":-0.01051328331232071,"w":0.9875965714454651},"size":2.5152318477630617,"orthographic":false}