{"cameraMode":{"drawMode":0,"name":"Shaded","section":"Shading Mode"},"sceneLighting":false,"audioPlay":false,"sceneViewState":{"showFog":false,"showMaterialUpdate":false,"showSkybox":false,"showFlares":false,"showImageEffects":false,"showParticleSystems":false},"in2DMode":false,"pivot":{"x":885.2546997070313,"y":409.4459228515625,"z":53.788108825683597},"rotation":{"x":-0.09697800874710083,"y":0.8748597502708435,"z":-0.19637945294380189,"w":-0.4320315420627594},"size":703.900634765625,"orthographic":false}