{"cameraMode":{"drawMode":0,"name":"Shaded","section":"Shading Mode"},"sceneLighting":false,"audioPlay":false,"sceneViewState":{"showFog":false,"showMaterialUpdate":false,"showSkybox":false,"showFlares":false,"showImageEffects":false,"showParticleSystems":false},"in2DMode":false,"pivot":{"x":-1.6926923990249634,"y":-0.3445396423339844,"z":-0.09076309204101563},"rotation":{"x":-0.038801372051239017,"y":0.9494237899780273,"z":-0.28312334418296816,"w":-0.13011625409126283},"size":4.682533264160156,"orthographic":false}