{"cameraMode":{"drawMode":0,"name":"Shaded","section":"Shading Mode"},"sceneLighting":false,"audioPlay":false,"sceneViewState":{"showFog":false,"showMaterialUpdate":false,"showSkybox":false,"showFlares":false,"showImageEffects":false,"showParticleSystems":false},"in2DMode":false,"pivot":{"x":808.066650390625,"y":334.64752197265627,"z":0.47133302688598635},"rotation":{"x":-0.07123900949954987,"y":0.13868778944015504,"z":0.010002817958593369,"w":0.9877204298973084},"size":1.9135167598724366,"orthographic":false}