{"cameraMode":{"drawMode":0,"name":"Shaded","section":"Shading Mode"},"sceneLighting":false,"audioPlay":false,"sceneViewState":{"showFog":false,"showMaterialUpdate":false,"showSkybox":false,"showFlares":false,"showImageEffects":false,"showParticleSystems":false},"in2DMode":false,"pivot":{"x":471.0601806640625,"y":264.5182800292969,"z":0.31057631969451907},"rotation":{"x":-0.038801372051239017,"y":0.9494237899780273,"z":-0.28312334418296816,"w":-0.13011625409126283},"size":3.96673321723938,"orthographic":false}