{"cameraMode":{"drawMode":0,"name":"Shaded","section":"Shading Mode"},"sceneLighting":true,"audioPlay":false,"sceneViewState":{"showFog":false,"showMaterialUpdate":false,"showSkybox":false,"showFlares":false,"showImageEffects":false,"showParticleSystems":false},"in2DMode":false,"pivot":{"x":939.9515380859375,"y":749.567626953125,"z":-14.203125},"rotation":{"x":-0.0756988674402237,"y":-0.13716021180152894,"z":-0.01051328331232071,"w":0.9875965714454651},"size":861.9422607421875,"orthographic":false}