{"cameraMode":{"drawMode":0,"name":"Shaded","section":"Shading Mode"},"sceneLighting":false,"audioPlay":false,"sceneViewState":{"showFog":false,"showMaterialUpdate":false,"showSkybox":false,"showFlares":false,"showImageEffects":false,"showParticleSystems":false},"in2DMode":false,"pivot":{"x":817.7252197265625,"y":182.69525146484376,"z":105.23593139648438},"rotation":{"x":-0.07419061660766602,"y":0.16584907472133637,"z":-0.012513642199337483,"w":-0.9832773804664612},"size":661.6259155273438,"orthographic":false}