{"cameraMode":{"drawMode":0,"name":"Shaded","section":"Shading Mode"},"sceneLighting":false,"audioPlay":false,"sceneViewState":{"showFog":false,"showMaterialUpdate":false,"showSkybox":false,"showFlares":false,"showImageEffects":false,"showParticleSystems":false},"in2DMode":false,"pivot":{"x":491.0247497558594,"y":195.06051635742188,"z":-65.62820434570313},"rotation":{"x":-0.07419061660766602,"y":0.16584907472133637,"z":-0.012513642199337483,"w":-0.9832773804664612},"size":398.56683349609377,"orthographic":false}