{"cameraMode":{"drawMode":0,"name":"Shaded","section":"Shading Mode"},"sceneLighting":false,"audioPlay":false,"sceneViewState":{"showFog":false,"showMaterialUpdate":false,"showSkybox":false,"showFlares":false,"showImageEffects":false,"showParticleSystems":false},"in2DMode":false,"pivot":{"x":0.1926136016845703,"y":2.5293235778808595,"z":-0.3508319854736328},"rotation":{"x":-0.0756988674402237,"y":-0.13716021180152894,"z":-0.01051328331232071,"w":0.9875965714454651},"size":14.273481369018555,"orthographic":false}