{"cameraMode":{"drawMode":0,"name":"Shaded","section":"Shading Mode"},"sceneLighting":true,"audioPlay":false,"sceneViewState":{"showFog":false,"showMaterialUpdate":false,"showSkybox":false,"showFlares":false,"showImageEffects":false,"showParticleSystems":false},"in2DMode":false,"pivot":{"x":-0.2870795726776123,"y":0.14437085390090943,"z":0.23061800003051759},"rotation":{"x":-0.12471869587898255,"y":0.8481692671775818,"z":-0.2295498251914978,"w":-0.46082624793052676},"size":2.358240842819214,"orthographic":false}