{"cameraMode":{"drawMode":0,"name":"Shaded","section":"Shading Mode"},"sceneLighting":false,"audioPlay":false,"sceneViewState":{"showFog":false,"showMaterialUpdate":false,"showSkybox":false,"showFlares":false,"showImageEffects":false,"showParticleSystems":false},"in2DMode":false,"pivot":{"x":319.7418212890625,"y":239.70840454101563,"z":-0.0000827983021736145},"rotation":{"x":0.04117964580655098,"y":-0.19506603479385377,"z":0.008197617717087269,"w":0.979891836643219},"size":3.195310354232788,"orthographic":false}