{"cameraMode":{"drawMode":0,"name":"Shaded","section":"Shading Mode"},"sceneLighting":false,"audioPlay":false,"sceneViewState":{"showFog":false,"showMaterialUpdate":false,"showSkybox":false,"showFlares":false,"showImageEffects":false,"showParticleSystems":false},"in2DMode":false,"pivot":{"x":237.9772186279297,"y":346.06097412109377,"z":-165.2581787109375},"rotation":{"x":-0.038801372051239017,"y":0.9494237899780273,"z":-0.28312334418296816,"w":-0.13011625409126283},"size":498.6015930175781,"orthographic":false}