{"cameraMode":{"drawMode":0,"name":"Shaded","section":"Shading Mode"},"sceneLighting":false,"audioPlay":false,"sceneViewState":{"showFog":false,"showMaterialUpdate":false,"showSkybox":false,"showFlares":false,"showImageEffects":false,"showParticleSystems":false},"in2DMode":false,"pivot":{"x":319.45587158203127,"y":239.4561004638672,"z":-0.21509552001953126},"rotation":{"x":0.009455535560846329,"y":0.9838483333587647,"z":-0.054659802466630939,"w":0.17019768059253694},"size":4.395310401916504,"orthographic":false}