{"cameraMode":{"drawMode":0,"name":"Shaded","section":"Shading Mode"},"sceneLighting":false,"audioPlay":false,"sceneViewState":{"showFog":false,"showMaterialUpdate":false,"showSkybox":false,"showFlares":false,"showImageEffects":false,"showParticleSystems":false},"in2DMode":false,"pivot":{"x":-0.11337500810623169,"y":-0.4074999988079071,"z":0.0},"rotation":{"x":-0.038801372051239017,"y":0.9494237899780273,"z":-0.28312334418296816,"w":-0.13011625409126283},"size":1.6773979663848878,"orthographic":false}